Person;593;528;1660114800.jpg;1920;1080
Person;606;524;1660114800.jpg;1920;1080
Person;878;529;1660114800.jpg;1920;1080
Person;937;532;1660114800.jpg;1920;1080
Person;948;517;1660114800.jpg;1920;1080
Person;929;528;1660114800.jpg;1920;1080
Person;920;528;1660114800.jpg;1920;1080
Person;967;530;1660114800.jpg;1920;1080
Person;981;503;1660114800.jpg;1920;1080
Person;1459;466;1660114800.jpg;1920;1080
Person;1291;474;1660114800.jpg;1920;1080
Person;1344;505;1660114800.jpg;1920;1080
Person;1643;499;1660114800.jpg;1920;1080
Person;1660;496;1660114800.jpg;1920;1080
Person;1692;487;1660114800.jpg;1920;1080
Person;1145;1014;1660118400.jpg;1920;1080
Person;1100;1000;1660118400.jpg;1920;1080
Person;1055;814;1660118400.jpg;1920;1080
Person;99;559;1660118400.jpg;1920;1080
Person;350;559;1660118400.jpg;1920;1080
Person;511;527;1660118400.jpg;1920;1080
Person;605;518;1660118400.jpg;1920;1080
Person;576;593;1660118400.jpg;1920;1080
Person;623;613;1660118400.jpg;1920;1080
Person;731;551;1660118400.jpg;1920;1080
Person;803;512;1660118400.jpg;1920;1080
Person;817;516;1660118400.jpg;1920;1080
Person;828;515;1660118400.jpg;1920;1080
Person;837;543;1660118400.jpg;1920;1080
Person;1906;517;1660118400.jpg;1920;1080
Person;1697;470;1660118400.jpg;1920;1080
Person;1689;470;1660118400.jpg;1920;1080
Person;1572;447;1660118400.jpg;1920;1080
Person;1435;482;1660118400.jpg;1920;1080
Person;1419;444;1660118400.jpg;1920;1080
Person;1410;446;1660118400.jpg;1920;1080
Person;1455;461;1660118400.jpg;1920;1080
Person;1591;457;1660118400.jpg;1920;1080
Person;1635;424;1660118400.jpg;1920;1080
Person;251;571;1660122000.jpg;1920;1080
Person;443;556;1660122000.jpg;1920;1080
Person;475;558;1660122000.jpg;1920;1080
Person;643;531;1660122000.jpg;1920;1080
Person;655;536;1660122000.jpg;1920;1080
Person;689;581;1660122000.jpg;1920;1080
Person;902;499;1660122000.jpg;1920;1080
Person;927;517;1660122000.jpg;1920;1080
Person;919;514;1660122000.jpg;1920;1080
Person;889;518;1660122000.jpg;1920;1080
Person;952;510;1660122000.jpg;1920;1080
Person;1019;508;1660122000.jpg;1920;1080
Person;1049;514;1660122000.jpg;1920;1080
Person;1103;502;1660122000.jpg;1920;1080
Person;1109;503;1660122000.jpg;1920;1080
Person;1120;499;1660122000.jpg;1920;1080
Person;1211;487;1660122000.jpg;1920;1080
Person;1264;518;1660122000.jpg;1920;1080
Person;1300;488;1660122000.jpg;1920;1080
Person;1306;484;1660122000.jpg;1920;1080
Person;1315;483;1660122000.jpg;1920;1080
Person;1394;469;1660122000.jpg;1920;1080
Person;1432;469;1660122000.jpg;1920;1080
Person;1441;467;1660122000.jpg;1920;1080
Person;1582;488;1660122000.jpg;1920;1080
Person;1541;478;1660122000.jpg;1920;1080
Person;1529;460;1660122000.jpg;1920;1080
Person;1539;448;1660122000.jpg;1920;1080
Person;1536;454;1660122000.jpg;1920;1080
Person;1481;500;1660122000.jpg;1920;1080
Person;1425;493;1660122000.jpg;1920;1080
Person;1469;477;1660122000.jpg;1920;1080
Person;1878;485;1660122000.jpg;1920;1080
Person;1051;495;1660122000.jpg;1920;1080
Person;1098;870;1660125600.jpg;1920;1080
Person;818;782;1660125600.jpg;1920;1080
Person;771;777;1660125600.jpg;1920;1080
Person;115;550;1660125600.jpg;1920;1080
Person;192;553;1660125600.jpg;1920;1080
Person;214;550;1660125600.jpg;1920;1080
Person;237;554;1660125600.jpg;1920;1080
Person;272;535;1660125600.jpg;1920;1080
Person;306;558;1660125600.jpg;1920;1080
Person;350;542;1660125600.jpg;1920;1080
Person;367;543;1660125600.jpg;1920;1080
Person;565;549;1660125600.jpg;1920;1080
Person;538;543;1660125600.jpg;1920;1080
Person;574;530;1660125600.jpg;1920;1080
Person;564;533;1660125600.jpg;1920;1080
Person;546;536;1660125600.jpg;1920;1080
Person;734;520;1660125600.jpg;1920;1080
Person;720;521;1660125600.jpg;1920;1080
Person;491;527;1660125600.jpg;1920;1080
Person;473;528;1660125600.jpg;1920;1080
Person;945;568;1660125600.jpg;1920;1080
Person;934;570;1660125600.jpg;1920;1080
Person;774;596;1660125600.jpg;1920;1080
Person;758;591;1660125600.jpg;1920;1080
Person;799;513;1660125600.jpg;1920;1080
Person;843;516;1660125600.jpg;1920;1080
Person;833;518;1660125600.jpg;1920;1080
Person;819;516;1660125600.jpg;1920;1080
Person;892;512;1660125600.jpg;1920;1080
Person;1145;569;1660125600.jpg;1920;1080
Person;1033;507;1660125600.jpg;1920;1080
Person;1073;500;1660125600.jpg;1920;1080
Person;1082;502;1660125600.jpg;1920;1080
Person;1057;497;1660125600.jpg;1920;1080
Person;1172;490;1660125600.jpg;1920;1080
Person;1265;484;1660125600.jpg;1920;1080
Person;1533;523;1660125600.jpg;1920;1080
Person;1518;524;1660125600.jpg;1920;1080
Person;1401;471;1660125600.jpg;1920;1080
Person;1323;465;1660125600.jpg;1920;1080
Person;1677;526;1660125600.jpg;1920;1080
Person;1697;506;1660125600.jpg;1920;1080
Person;1623;524;1660125600.jpg;1920;1080
Person;1562;487;1660125600.jpg;1920;1080
Person;1630;488;1660125600.jpg;1920;1080
Person;1662;892;1660125600.jpg;1920;1080
Person;1886;485;1660125600.jpg;1920;1080
Person;1875;486;1660125600.jpg;1920;1080
Person;1834;516;1660125600.jpg;1920;1080
Person;1832;505;1660125600.jpg;1920;1080
Person;277;931;1660129200.jpg;1920;1080
Person;245;817;1660129200.jpg;1920;1080
Person;28;562;1660129200.jpg;1920;1080
Person;51;566;1660129200.jpg;1920;1080
Person;85;581;1660129200.jpg;1920;1080
Person;168;563;1660129200.jpg;1920;1080
Person;279;568;1660129200.jpg;1920;1080
Person;296;549;1660129200.jpg;1920;1080
Person;274;554;1660129200.jpg;1920;1080
Person;308;553;1660129200.jpg;1920;1080
Person;356;540;1660129200.jpg;1920;1080
Person;360;594;1660129200.jpg;1920;1080
Person;298;599;1660129200.jpg;1920;1080
Person;205;628;1660129200.jpg;1920;1080
Person;185;629;1660129200.jpg;1920;1080
Person;163;607;1660129200.jpg;1920;1080
Person;141;647;1660129200.jpg;1920;1080
Person;117;653;1660129200.jpg;1920;1080
Person;596;554;1660129200.jpg;1920;1080
Person;583;536;1660129200.jpg;1920;1080
Person;618;539;1660129200.jpg;1920;1080
Person;684;515;1660129200.jpg;1920;1080
Person;715;519;1660129200.jpg;1920;1080
Person;708;523;1660129200.jpg;1920;1080
Person;650;619;1660129200.jpg;1920;1080
Person;876;595;1660129200.jpg;1920;1080
Person;860;570;1660129200.jpg;1920;1080
Person;825;554;1660129200.jpg;1920;1080
Person;839;518;1660129200.jpg;1920;1080
Person;847;509;1660129200.jpg;1920;1080
Person;756;588;1660129200.jpg;1920;1080
Person;745;551;1660129200.jpg;1920;1080
Person;407;539;1660129200.jpg;1920;1080
Person;419;534;1660129200.jpg;1920;1080
Person;433;538;1660129200.jpg;1920;1080
Person;455;543;1660129200.jpg;1920;1080
Person;475;541;1660129200.jpg;1920;1080
Person;520;515;1660129200.jpg;1920;1080
Person;681;579;1660129200.jpg;1920;1080
Person;1010;503;1660129200.jpg;1920;1080
Person;1063;585;1660129200.jpg;1920;1080
Person;1150;571;1660129200.jpg;1920;1080
Person;1348;530;1660129200.jpg;1920;1080
Person;1211;492;1660129200.jpg;1920;1080
Person;1034;510;1660129200.jpg;1920;1080
Person;1093;531;1660129200.jpg;1920;1080
Person;1179;500;1660129200.jpg;1920;1080
Person;1193;496;1660129200.jpg;1920;1080
Person;1551;548;1660129200.jpg;1920;1080
Person;1492;560;1660129200.jpg;1920;1080
Person;1477;560;1660129200.jpg;1920;1080
Person;1464;566;1660129200.jpg;1920;1080
Person;1451;564;1660129200.jpg;1920;1080
Person;1345;560;1660129200.jpg;1920;1080
Person;1299;571;1660129200.jpg;1920;1080
Person;1216;548;1660129200.jpg;1920;1080
Person;1332;538;1660129200.jpg;1920;1080
Person;1551;442;1660129200.jpg;1920;1080
Person;1538;445;1660129200.jpg;1920;1080
Person;1533;459;1660129200.jpg;1920;1080
Person;1525;461;1660129200.jpg;1920;1080
Person;1517;457;1660129200.jpg;1920;1080
Person;1486;457;1660129200.jpg;1920;1080
Person;1458;470;1660129200.jpg;1920;1080
Person;1371;523;1660129200.jpg;1920;1080
Person;1464;515;1660129200.jpg;1920;1080
Person;1853;489;1660129200.jpg;1920;1080
Person;1914;536;1660129200.jpg;1920;1080
Person;1860;492;1660129200.jpg;1920;1080
Person;1580;452;1660129200.jpg;1920;1080
Person;1571;443;1660129200.jpg;1920;1080
Person;1584;501;1660129200.jpg;1920;1080
Person;1619;507;1660129200.jpg;1920;1080
Person;1585;554;1660129200.jpg;1920;1080
Person;1416;464;1660129200.jpg;1920;1080
Person;1315;482;1660129200.jpg;1920;1080
Person;1264;471;1660129200.jpg;1920;1080
Person;1813;947;1660129200.jpg;1920;1080
Person;1902;894;1660129200.jpg;1920;1080
Person;1892;917;1660129200.jpg;1920;1080
Person;1284;802;1660132800.jpg;1920;1080
Person;1314;794;1660132800.jpg;1920;1080
Person;1861;875;1660132800.jpg;1920;1080
Person;1876;931;1660132800.jpg;1920;1080
Person;1820;948;1660132800.jpg;1920;1080
Person;1664;607;1660132800.jpg;1920;1080
Person;1859;581;1660132800.jpg;1920;1080
Person;1900;496;1660132800.jpg;1920;1080
Person;1884;492;1660132800.jpg;1920;1080
Person;1836;498;1660132800.jpg;1920;1080
Person;1851;498;1660132800.jpg;1920;1080
Person;1859;448;1660132800.jpg;1920;1080
Person;185;672;1660132800.jpg;1920;1080
Person;33;649;1660132800.jpg;1920;1080
Person;6;632;1660132800.jpg;1920;1080
Person;100;554;1660132800.jpg;1920;1080
Person;95;583;1660132800.jpg;1920;1080
Person;86;574;1660132800.jpg;1920;1080
Person;36;558;1660132800.jpg;1920;1080
Person;245;611;1660132800.jpg;1920;1080
Person;220;612;1660132800.jpg;1920;1080
Person;248;558;1660132800.jpg;1920;1080
Person;396;540;1660132800.jpg;1920;1080
Person;441;547;1660132800.jpg;1920;1080
Person;449;591;1660132800.jpg;1920;1080
Person;523;564;1660132800.jpg;1920;1080
Person;537;536;1660132800.jpg;1920;1080
Person;560;544;1660132800.jpg;1920;1080
Person;541;527;1660132800.jpg;1920;1080
Person;521;534;1660132800.jpg;1920;1080
Person;496;517;1660132800.jpg;1920;1080
Person;586;527;1660132800.jpg;1920;1080
Person;608;529;1660132800.jpg;1920;1080
Person;629;522;1660132800.jpg;1920;1080
Person;647;527;1660132800.jpg;1920;1080
Person;586;581;1660132800.jpg;1920;1080
Person;564;598;1660132800.jpg;1920;1080
Person;637;615;1660132800.jpg;1920;1080
Person;650;613;1660132800.jpg;1920;1080
Person;669;575;1660132800.jpg;1920;1080
Person;734;537;1660132800.jpg;1920;1080
Person;808;529;1660132800.jpg;1920;1080
Person;840;516;1660132800.jpg;1920;1080
Person;863;523;1660132800.jpg;1920;1080
Person;896;506;1660132800.jpg;1920;1080
Person;741;600;1660132800.jpg;1920;1080
Person;725;608;1660132800.jpg;1920;1080
Person;919;570;1660132800.jpg;1920;1080
Person;1048;547;1660132800.jpg;1920;1080
Person;1024;542;1660132800.jpg;1920;1080
Person;997;529;1660132800.jpg;1920;1080
Person;1062;498;1660132800.jpg;1920;1080
Person;1072;518;1660132800.jpg;1920;1080
Person;1211;566;1660132800.jpg;1920;1080
Person;1340;584;1660132800.jpg;1920;1080
Person;1165;521;1660132800.jpg;1920;1080
Person;1172;494;1660132800.jpg;1920;1080
Person;1108;508;1660132800.jpg;1920;1080
Person;1118;502;1660132800.jpg;1920;1080
Person;1204;490;1660132800.jpg;1920;1080
Person;1285;481;1660132800.jpg;1920;1080
Person;1355;561;1660132800.jpg;1920;1080
Person;1384;567;1660132800.jpg;1920;1080
Person;1408;456;1660132800.jpg;1920;1080
Person;1572;510;1660132800.jpg;1920;1080
Person;1585;517;1660132800.jpg;1920;1080
Person;1381;498;1660132800.jpg;1920;1080
Person;1369;523;1660132800.jpg;1920;1080
Person;1527;455;1660132800.jpg;1920;1080
Person;1520;452;1660132800.jpg;1920;1080
Person;1611;545;1660132800.jpg;1920;1080
Person;1754;454;1660132800.jpg;1920;1080
Person;1747;450;1660132800.jpg;1920;1080
Person;1423;445;1660132800.jpg;1920;1080
Person;1546;453;1660132800.jpg;1920;1080
Person;505;495;1660132800.jpg;1920;1080
Person;500;555;1660132800.jpg;1920;1080
Person;492;545;1660132800.jpg;1920;1080
Person;1513;572;1660132800.jpg;1920;1080
Person;1736;849;1660136400.jpg;1920;1080
Person;1367;761;1660136400.jpg;1920;1080
Person;1329;750;1660136400.jpg;1920;1080
Person;1262;648;1660136400.jpg;1920;1080
Person;1906;515;1660136400.jpg;1920;1080
Person;1875;490;1660136400.jpg;1920;1080
Person;1831;495;1660136400.jpg;1920;1080
Person;344;627;1660136400.jpg;1920;1080
Person;519;546;1660136400.jpg;1920;1080
Person;170;588;1660136400.jpg;1920;1080
Person;574;534;1660136400.jpg;1920;1080
Person;588;535;1660136400.jpg;1920;1080
Person;614;518;1660136400.jpg;1920;1080
Person;667;534;1660136400.jpg;1920;1080
Person;692;552;1660136400.jpg;1920;1080
Person;678;552;1660136400.jpg;1920;1080
Person;586;582;1660136400.jpg;1920;1080
Person;561;565;1660136400.jpg;1920;1080
Person;547;559;1660136400.jpg;1920;1080
Person;946;609;1660136400.jpg;1920;1080
Person;969;604;1660136400.jpg;1920;1080
Person;871;604;1660136400.jpg;1920;1080
Person;809;557;1660136400.jpg;1920;1080
Person;843;528;1660136400.jpg;1920;1080
Person;877;523;1660136400.jpg;1920;1080
Person;893;517;1660136400.jpg;1920;1080
Person;966;532;1660136400.jpg;1920;1080
Person;947;533;1660136400.jpg;1920;1080
Person;955;495;1660136400.jpg;1920;1080
Person;944;499;1660136400.jpg;1920;1080
Person;1080;499;1660136400.jpg;1920;1080
Person;1071;502;1660136400.jpg;1920;1080
Person;1112;607;1660136400.jpg;1920;1080
Person;1312;492;1660136400.jpg;1920;1080
Person;1306;501;1660136400.jpg;1920;1080
Person;1294;497;1660136400.jpg;1920;1080
Person;1009;508;1660136400.jpg;1920;1080
Person;1042;498;1660136400.jpg;1920;1080
Person;1018;541;1660136400.jpg;1920;1080
Person;1196;484;1660136400.jpg;1920;1080
Person;1310;467;1660136400.jpg;1920;1080
Person;1381;479;1660136400.jpg;1920;1080
Person;1487;433;1660136400.jpg;1920;1080
Person;1428;524;1660136400.jpg;1920;1080
Person;1416;527;1660136400.jpg;1920;1080
Person;1738;517;1660136400.jpg;1920;1080
Person;1723;516;1660136400.jpg;1920;1080
Person;1592;515;1660136400.jpg;1920;1080
Person;1569;497;1660136400.jpg;1920;1080
Person;1609;424;1660136400.jpg;1920;1080
Person;1619;427;1660136400.jpg;1920;1080
Person;1585;422;1660136400.jpg;1920;1080
Person;1548;450;1660136400.jpg;1920;1080
Person;762;514;1660136400.jpg;1920;1080
Person;752;516;1660136400.jpg;1920;1080
Person;1427;446;1660136400.jpg;1920;1080
Person;851;828;1660143600.jpg;1920;1080
Person;1322;683;1660143600.jpg;1920;1080
Person;1269;668;1660143600.jpg;1920;1080
Person;1250;654;1660143600.jpg;1920;1080
Person;1237;672;1660143600.jpg;1920;1080
Person;143;648;1660143600.jpg;1920;1080
Person;115;635;1660143600.jpg;1920;1080
Person;195;602;1660143600.jpg;1920;1080
Person;178;607;1660143600.jpg;1920;1080
Person;181;577;1660143600.jpg;1920;1080
Person;162;581;1660143600.jpg;1920;1080
Person;212;573;1660143600.jpg;1920;1080
Person;259;566;1660143600.jpg;1920;1080
Person;273;552;1660143600.jpg;1920;1080
Person;228;554;1660143600.jpg;1920;1080
Person;290;546;1660143600.jpg;1920;1080
Person;305;538;1660143600.jpg;1920;1080
Person;344;538;1660143600.jpg;1920;1080
Person;385;545;1660143600.jpg;1920;1080
Person;425;549;1660143600.jpg;1920;1080
Person;444;604;1660143600.jpg;1920;1080
Person;472;604;1660143600.jpg;1920;1080
Person;531;540;1660143600.jpg;1920;1080
Person;586;551;1660143600.jpg;1920;1080
Person;628;623;1660143600.jpg;1920;1080
Person;658;635;1660143600.jpg;1920;1080
Person;740;634;1660143600.jpg;1920;1080
Person;706;595;1660143600.jpg;1920;1080
Person;692;602;1660143600.jpg;1920;1080
Person;686;531;1660143600.jpg;1920;1080
Person;659;535;1660143600.jpg;1920;1080
Person;891;512;1660143600.jpg;1920;1080
Person;860;510;1660143600.jpg;1920;1080
Person;752;541;1660143600.jpg;1920;1080
Person;963;500;1660143600.jpg;1920;1080
Person;944;497;1660143600.jpg;1920;1080
Person;1206;551;1660143600.jpg;1920;1080
Person;1024;500;1660143600.jpg;1920;1080
Person;1176;497;1660143600.jpg;1920;1080
Person;1197;498;1660143600.jpg;1920;1080
Person;1252;486;1660143600.jpg;1920;1080
Person;1229;489;1660143600.jpg;1920;1080
Person;1221;496;1660143600.jpg;1920;1080
Person;1204;486;1660143600.jpg;1920;1080
Person;1272;474;1660143600.jpg;1920;1080
Person;1259;472;1660143600.jpg;1920;1080
Person;1308;575;1660143600.jpg;1920;1080
Person;1412;532;1660143600.jpg;1920;1080
Person;1688;522;1660143600.jpg;1920;1080
Person;1609;526;1660143600.jpg;1920;1080
Person;1604;512;1660143600.jpg;1920;1080
Person;1426;483;1660143600.jpg;1920;1080
Person;1449;456;1660143600.jpg;1920;1080
Person;1491;465;1660143600.jpg;1920;1080
Person;1481;466;1660143600.jpg;1920;1080
Person;1834;487;1660143600.jpg;1920;1080
Person;1846;443;1660143600.jpg;1920;1080
Person;1835;449;1660143600.jpg;1920;1080
Person;1575;416;1660143600.jpg;1920;1080
Person;1552;504;1660143600.jpg;1920;1080
Person;1574;487;1660143600.jpg;1920;1080
Person;1320;482;1660143600.jpg;1920;1080
Person;1303;484;1660143600.jpg;1920;1080
Person;1555;434;1660143600.jpg;1920;1080
Person;918;629;1660143600.jpg;1920;1080
Person;1114;590;1660143600.jpg;1920;1080
Person;1021;713;1660147200.jpg;1920;1080
Person;985;696;1660147200.jpg;1920;1080
Person;53;640;1660147200.jpg;1920;1080
Person;72;590;1660147200.jpg;1920;1080
Person;8;587;1660147200.jpg;1920;1080
Person;84;568;1660147200.jpg;1920;1080
Person;65;551;1660147200.jpg;1920;1080
Person;157;579;1660147200.jpg;1920;1080
Person;344;534;1660147200.jpg;1920;1080
Person;357;526;1660147200.jpg;1920;1080
Person;475;615;1660147200.jpg;1920;1080
Person;626;615;1660147200.jpg;1920;1080
Person;701;607;1660147200.jpg;1920;1080
Person;427;525;1660147200.jpg;1920;1080
Person;520;554;1660147200.jpg;1920;1080
Person;533;554;1660147200.jpg;1920;1080
Person;470;562;1660147200.jpg;1920;1080
Person;646;557;1660147200.jpg;1920;1080
Person;657;571;1660147200.jpg;1920;1080
Person;631;532;1660147200.jpg;1920;1080
Person;653;542;1660147200.jpg;1920;1080
Person;706;522;1660147200.jpg;1920;1080
Person;714;543;1660147200.jpg;1920;1080
Person;737;542;1660147200.jpg;1920;1080
Person;776;548;1660147200.jpg;1920;1080
Person;774;516;1660147200.jpg;1920;1080
Person;779;592;1660147200.jpg;1920;1080
Person;734;574;1660147200.jpg;1920;1080
Person;842;613;1660147200.jpg;1920;1080
Person;828;606;1660147200.jpg;1920;1080
Person;888;559;1660147200.jpg;1920;1080
Person;917;508;1660147200.jpg;1920;1080
Person;885;519;1660147200.jpg;1920;1080
Person;957;559;1660147200.jpg;1920;1080
Person;973;559;1660147200.jpg;1920;1080
Person;994;568;1660147200.jpg;1920;1080
Person;1009;567;1660147200.jpg;1920;1080
Person;1006;504;1660147200.jpg;1920;1080
Person;1039;505;1660147200.jpg;1920;1080
Person;1062;505;1660147200.jpg;1920;1080
Person;1075;505;1660147200.jpg;1920;1080
Person;1121;526;1660147200.jpg;1920;1080
Person;1148;485;1660147200.jpg;1920;1080
Person;1189;495;1660147200.jpg;1920;1080
Person;1213;481;1660147200.jpg;1920;1080
Person;1280;485;1660147200.jpg;1920;1080
Person;1297;484;1660147200.jpg;1920;1080
Person;1309;481;1660147200.jpg;1920;1080
Person;1322;464;1660147200.jpg;1920;1080
Person;1378;450;1660147200.jpg;1920;1080
Person;1366;477;1660147200.jpg;1920;1080
Person;1501;448;1660147200.jpg;1920;1080
Person;1489;464;1660147200.jpg;1920;1080
Person;1443;468;1660147200.jpg;1920;1080
Person;1526;457;1660147200.jpg;1920;1080
Person;1534;445;1660147200.jpg;1920;1080
Person;1583;451;1660147200.jpg;1920;1080
Person;1566;447;1660147200.jpg;1920;1080
Person;1341;556;1660147200.jpg;1920;1080
Person;1393;516;1660147200.jpg;1920;1080
Person;1379;516;1660147200.jpg;1920;1080
Person;1449;518;1660147200.jpg;1920;1080
Person;1495;524;1660147200.jpg;1920;1080
Person;1690;523;1660147200.jpg;1920;1080
Person;1679;522;1660147200.jpg;1920;1080
Person;1664;527;1660147200.jpg;1920;1080
Person;1602;516;1660147200.jpg;1920;1080
Person;1571;515;1660147200.jpg;1920;1080
Person;1553;509;1660147200.jpg;1920;1080
Person;1887;494;1660147200.jpg;1920;1080
Person;1866;468;1660147200.jpg;1920;1080
Person;1857;453;1660147200.jpg;1920;1080
Person;1870;455;1660147200.jpg;1920;1080
Person;1877;474;1660147200.jpg;1920;1080
Person;1253;512;1660147200.jpg;1920;1080
Person;1422;456;1660147200.jpg;1920;1080
Person;1433;434;1660147200.jpg;1920;1080
Person;1564;466;1660147200.jpg;1920;1080
Person;796;500;1660147200.jpg;1920;1080
Person;616;532;1660147200.jpg;1920;1080
Person;563;583;1660147200.jpg;1920;1080
Person;279;537;1660147200.jpg;1920;1080
Person;909;638;1660147200.jpg;1920;1080
Person;1049;722;1660150800.jpg;1920;1080
Person;994;696;1660150800.jpg;1920;1080
Person;969;696;1660150800.jpg;1920;1080
Person;926;729;1660150800.jpg;1920;1080
Person;859;610;1660150800.jpg;1920;1080
Person;761;602;1660150800.jpg;1920;1080
Person;402;624;1660150800.jpg;1920;1080
Person;301;632;1660150800.jpg;1920;1080
Person;143;615;1660150800.jpg;1920;1080
Person;111;593;1660150800.jpg;1920;1080
Person;65;571;1660150800.jpg;1920;1080
Person;41;618;1660150800.jpg;1920;1080
Person;26;615;1660150800.jpg;1920;1080
Person;165;551;1660150800.jpg;1920;1080
Person;182;551;1660150800.jpg;1920;1080
Person;199;552;1660150800.jpg;1920;1080
Person;249;538;1660150800.jpg;1920;1080
Person;221;556;1660150800.jpg;1920;1080
Person;111;559;1660150800.jpg;1920;1080
Person;570;532;1660150800.jpg;1920;1080
Person;539;523;1660150800.jpg;1920;1080
Person;524;526;1660150800.jpg;1920;1080
Person;506;526;1660150800.jpg;1920;1080
Person;628;520;1660150800.jpg;1920;1080
Person;586;499;1660150800.jpg;1920;1080
Person;667;577;1660150800.jpg;1920;1080
Person;662;520;1660150800.jpg;1920;1080
Person;817;559;1660150800.jpg;1920;1080
Person;1024;574;1660150800.jpg;1920;1080
Person;1007;570;1660150800.jpg;1920;1080
Person;1094;542;1660150800.jpg;1920;1080
Person;1114;542;1660150800.jpg;1920;1080
Person;1071;523;1660150800.jpg;1920;1080
Person;1114;493;1660150800.jpg;1920;1080
Person;1286;579;1660150800.jpg;1920;1080
Person;1269;574;1660150800.jpg;1920;1080
Person;1309;523;1660150800.jpg;1920;1080
Person;1279;521;1660150800.jpg;1920;1080
Person;1339;465;1660150800.jpg;1920;1080
Person;1320;464;1660150800.jpg;1920;1080
Person;1513;504;1660150800.jpg;1920;1080
Person;1435;521;1660150800.jpg;1920;1080
Person;1446;485;1660150800.jpg;1920;1080
Person;1381;496;1660150800.jpg;1920;1080
Person;1721;495;1660150800.jpg;1920;1080
Person;1708;493;1660150800.jpg;1920;1080
Person;1906;537;1660150800.jpg;1920;1080
Person;1918;556;1660150800.jpg;1920;1080
Person;1878;484;1660150800.jpg;1920;1080
Person;1869;451;1660150800.jpg;1920;1080
Person;1630;456;1660150800.jpg;1920;1080
Person;1281;467;1660150800.jpg;1920;1080
Person;1082;482;1660150800.jpg;1920;1080
Person;1180;487;1660150800.jpg;1920;1080
Person;1741;482;1660150800.jpg;1920;1080
Person;1588;496;1660150800.jpg;1920;1080
Person;1691;517;1660150800.jpg;1920;1080
Person;1674;517;1660150800.jpg;1920;1080
